<!--
  Copyright (c) Honda Research Institute Europe GmbH

  Redistribution and use in source and binary forms, with or without
  modification, are permitted provided that the following conditions are met:

  1. Redistributions of source code must retain the above copyright notice,
     this list of conditions and the following disclaimer.

  2. Redistributions in binary form must reproduce the above copyright notice,
     this list of conditions and the following disclaimer in the documentation
     and/or other materials provided with the distribution.

  3. Neither the name of the copyright holder nor the names of its
     contributors may be used to endorse or promote products derived from
     this software without specific prior written permission.

  THIS SOFTWARE IS PROVIDED BY THE COPYRIGHT HOLDER "AS IS" AND ANY EXPRESS OR
  IMPLIED WARRANTIES, INCLUDING, BUT NOT LIMITED TO, THE IMPLIED WARRANTIES
  OF MERCHANTABILITY AND FITNESS FOR A PARTICULAR PURPOSE ARE DISCLAIMED.
  IN NO EVENT SHALL THE COPYRIGHT HOLDER BE LIABLE FOR ANY DIRECT, INDIRECT,
  INCIDENTAL, SPECIAL, EXEMPLARY, OR CONSEQUENTIAL DAMAGES (INCLUDING, BUT NOT
  LIMITED TO, PROCUREMENT OF SUBSTITUTE GOODS OR SERVICES; LOSS OF USE, DATA,
  OR PROFITS; OR BUSINESS INTERRUPTION) HOWEVER CAUSED AND ON ANY THEORY OF
  LIABILITY, WHETHER IN CONTRACT, STRICT LIABILITY, OR TORT (INCLUDING
  NEGLIGENCE OR OTHERWISE) ARISING IN ANY WAY OUT OF THE USE OF THIS SOFTWARE,
  EVEN IF ADVISED OF THE POSSIBILITY OF SUCH DAMAGE.
-->
<Graph>
    <Body name="apple" color="GREEN" physics="dynamic" mass="0.5">
        <Shape type="SPHERE" radius="0.04" graphics="true" distance="false"
               xxxtransform="0 0 0.04 0 0 0" material="soft_object"/>
        <Shape type="FRAME" scale="0.1" graphics="true" />
        <Shape type='SPHERE' distance="false" radius='0.01' graphics='false' transform='0 0.0 0.035 0 0 0' material='soft_object'/>
        <Shape type='SPHERE' distance="false" radius='0.01' graphics='false' transform='0 0.0 -0.035 0 0 0' material='soft_object'/>
        <Shape type='SPHERE' distance="false" radius='0.01' graphics='false' transform='0.035 0.0 0.0 0 0 0' material='soft_object'/>
        <Shape type='SPHERE' distance="false" radius='0.01' graphics='false' transform='-0.035 0.0 0.0 0 0 0' material='soft_object'/>
        <Shape type='SPHERE' distance="false" radius='0.01' graphics='false' transform='0.0 -0.035 0.0 0 0 0' material='soft_object'/>
        <Shape type='SPHERE' distance="false" radius='0.01' graphics='false' transform='0.0 0.035 0.0 0 0 0' material='soft_object'/>
        <Shape type='SPHERE' distance="false" radius='0.01' graphics='false' transform='0.024 0.024 0.0 0 0 0' material='soft_object'/>
        <Shape type='SPHERE' distance="false" radius='0.01' graphics='false' transform='0.024 -0.024 0.0 0 0 0' material='soft_object'/>
        <Shape type='SPHERE' distance="false" radius='0.01' graphics='false' transform='-0.024 0.024 0.0 0 0 0' material='soft_object'/>
        <Shape type='SPHERE' distance="false" radius='0.01' graphics='false' transform='-0.024 -0.024 0.0 0 0 0' material='soft_object'/>
        <Shape type='SPHERE' distance="false" radius='0.01' graphics='false' transform='0.0 0.024 0.024 0 0 0' material='soft_object'/>
        <Shape type='SPHERE' distance="false" radius='0.01' graphics='false' transform='0.0 -0.024 0.024 0 0 0' material='soft_object'/>
        <Shape type='SPHERE' distance="false" radius='0.01' graphics='false' transform='0.0 0.024 -.024 0 0 0' material='soft_object'/>
        <Shape type='SPHERE' distance="false" radius='0.01' graphics='false' transform='0.0 -0.024 -0.024 0 0 0' material='soft_object'/>
        <Shape type='SPHERE' distance="false" radius='0.01' graphics='false' transform='0.024 0.0 0.024 0 0 0' material='soft_object'/>
        <Shape type='SPHERE' distance="false" radius='0.01' graphics='false' transform='-0.024 0.0 0.024 0 0 0' material='soft_object'/>
        <Shape type='SPHERE' distance="false" radius='0.01' graphics='false' transform='0.024 0.0 -0.024 0 0 0' material='soft_object'/>
        <Shape type='SPHERE' distance="false" radius='0.01' graphics='false' transform='-0.024 0.0 -0.024 0 0 0' material='soft_object'/> 
    </Body>
    <Body name="apple_center" prev="apple" transform="0 0 0.04 0 0 0" >
        <Shape type="FRAME" scale="0.1" graphics="true"/>
    </Body>
    <AffordanceModel body="apple" types="apple">
        <Stackable frame="apple" />
        <BallGraspable frame="apple" radius="0.02"/>
    </AffordanceModel>
</Graph>
