<?xml version="1.0" encoding="UTF-8"?>

<!-- 
  Copyright (c) 2020, Honda Research Institute Europe GmbH

  Redistribution and use in source and binary forms, with or without
  modification, are permitted provided that the following conditions are met:

  1. Redistributions of source code must retain the above copyright notice,
     this list of conditions and the following disclaimer.

  2. Redistributions in binary form must reproduce the above copyright notice,
     this list of conditions and the following disclaimer in the documentation
     and/or other materials provided with the distribution.

  3. Neither the name of the copyright holder nor the names of its
     contributors may be used to endorse or promote products derived from
     this software without specific prior written permission.

  THIS SOFTWARE IS PROVIDED BY THE COPYRIGHT HOLDER "AS IS" AND ANY EXPRESS OR
  IMPLIED WARRANTIES, INCLUDING, BUT NOT LIMITED TO, THE IMPLIED WARRANTIES
  OF MERCHANTABILITY AND FITNESS FOR A PARTICULAR PURPOSE ARE DISCLAIMED.
  IN NO EVENT SHALL THE COPYRIGHT HOLDER BE LIABLE FOR ANY DIRECT, INDIRECT,
  INCIDENTAL, SPECIAL, EXEMPLARY, OR CONSEQUENTIAL DAMAGES (INCLUDING, BUT NOT
  LIMITED TO, PROCUREMENT OF SUBSTITUTE GOODS OR SERVICES; LOSS OF USE, DATA,
  OR PROFITS; OR BUSINESS INTERRUPTION) HOWEVER CAUSED AND ON ANY THEORY OF
  LIABILITY, WHETHER IN CONTRACT, STRICT LIABILITY, OR TORT (INCLUDING
  NEGLIGENCE OR OTHERWISE) ARISING IN ANY WAY OUT OF THE USE OF THIS SOFTWARE,
  EVEN IF ADVISED OF THE POSSIBILITY OF SUCH DAMAGE.
-->

<content>

<vortex_parameters use_ground_plane="true"
                   integrator_dt="0.005"
                   constraint_linear_compliance="1.0e-9"
                   constraint_angular_compliance="1.0e-9"
                   body_linear_damping="0.0002"
                   body_angular_damping="0.00004"
                   joint_motor_loss="0.002"
                   joint_lock_stiffness_new="500.0"
                   joint_lock_stiffness="100000.0"
                   joint_lock_damping="5000000.0"
/>

<bullet_parameters use_ground_plane="true"
                   use_mclp_solver="true"
                   body_linear_damping="0.0"
                   body_angular_damping="0.0"
		   convex_hull_vertex_limit="140"
                   jointed_body_linear_damping="0"
                   jointed_body_angular_damping="0"
/>


<!-- Supported: 
     jointed_body_linear_damping="0"  
     jointed_body_angular_damping="0" 
     jointed_body_damping="0" (does both the above ones)
-->
<newtoneuler_parameters xjointed_body_damping="2"
/>


<!--
definition of available materials (in addition to "default")
=============================================================
possible friction models are "Box", "ScaledBox", and "ScaledBoxFast"

here is what you can set: 
<material name="default"
         friction_model="ScaledBox"
         friction_coefficient="0.8"
         rolling_friction_coefficient="0"
         static_friction_scale="1.5"
         slip="0.01"
         integrated_slip_displacement="true"  actually its set to neural
         compliance="0.0"
         damping="0.0"
         restitution_threshold="0.0"
         adhesive_force="0.0"
-->

<material name="default"
          friction_model="ScaledBoxFast"
          friction_coefficient="0.8"
          rolling_friction_coefficient="0"
          static_friction_scale="1.5"
          slip="0.0001"
          integrated_slip_displacement="true"
          compliance="0.000001"
/>
<material name="wood"
          friction_model="ScaledBoxFast"
          friction_coefficient="0.8"
          rolling_friction_coefficient="0"
          static_friction_scale="1.5"
          slip="0.0001"
          integrated_slip_displacement="true"
          compliance="0.000001"
/>
<material name="low_friction_wood"
          friction_model="ScaledBoxFast"
          friction_coefficient="0.4"
          rolling_friction_coefficient="0"
          static_friction_scale="1.1"
          slip="0.0001"
          integrated_slip_displacement="true"
          compliance="0.0001"
/>
<material name="extremely_low_friction_wood"
          friction_model="ScaledBoxFast"
          friction_coefficient="0.1"
          rolling_friction_coefficient="0"
          static_friction_scale="1"
          slip="0.0001"
          integrated_slip_displacement="true"
          compliance="0.0001"
/>
<material name="robot_hand"
          friction_model="ScaledBoxFast"
          friction_coefficient="0.8"
          rolling_friction_coefficient="0"
          static_friction_scale="1.5"
          slip="0.0001"
          integrated_slip_displacement="true"
          xxcompliance="0.01"
          xxdamping="1000"
/>
<material name="low_friction_robot_hand"
          friction_model="ScaledBoxFast"
          friction_coefficient="0.01"
          rolling_friction_coefficient="0"
          static_friction_scale="1.1"
          slip="0.0001"
          integrated_slip_displacement="false"
          compliance="0.0001"
          damping="1000"
/>
<material name="object"
          friction_model="ScaledBoxFast"
          friction_coefficient="0.8"
          rolling_friction_coefficient="0"
          static_friction_scale="1.1"
          slip="0.0001"
          integrated_slip_displacement="true"
          compliance="0.001"
          damping="1000"
/>
<material name="semisoft_object"
          friction_model="ScaledBoxFast"
          friction_coefficient="0.4"
          rolling_friction_coefficient="0"
          static_friction_scale="1.1"
          slip="0.005"
          integrated_slip_displacement="false"
          compliance="0.005"
          damping="1000"
/>
<material name="soft_object"
          friction_model="ScaledBoxFast"
          friction_coefficient="10"
          rolling_friction_coefficient="1"
          static_friction_scale="1.1"
          xxslip="0.00"
          slip="0.005"
          integrated_slip_displacement="true"
          compliance="0.001"
          damping="1000"
/>

<material name="low_friction"
          friction_model="ScaledBoxFast"
          friction_coefficient="0.001"
          rolling_friction_coefficient="0"
          static_friction_scale="0.2"
          slip="0.01"
          integrated_slip_displacement="true"
          compliance="0.0001"
/>
<material name="high_friction"
          friction_model="ScaledBoxFast"
          friction_coefficient="10"
          rolling_friction_coefficient="0"
          static_friction_scale="1.1"
          slip="0.00"
          integrated_slip_displacement="true"
          compliance="0.001"
          damping="100"
/>
<material name="bouncy"
          friction_model="ScaledBoxFast"
          friction_coefficient="0.8"
          rolling_friction_coefficient="0.8"
          static_friction_scale="1.1"
          slip="0.0001"
          integrated_slip_displacement="true"
          compliance="0.1"
          damping="0.01"
	  restitution="0.9"
/>

<CollisionModel>
  <CollisionPair body1="thumb_tip_right"         body2="table" />
  <CollisionPair body1="thumb_right"             body2="table" />
  <CollisionPair body1="second_finger_tip_right" body2="table" />
  <CollisionPair body1="second_finger_right"     body2="table" />
  <CollisionPair body1="third_finger_tip_right"  body2="table" />
  <CollisionPair body1="third_finger_right"      body2="table" />
  <CollisionPair body1="hand_base_right"         body2="table" />

  <CollisionPair body1="thumb_tip_left"         body2="table" />
  <CollisionPair body1="thumb_left"             body2="table" />
  <CollisionPair body1="second_finger_tip_left" body2="table" />
  <CollisionPair body1="second_finger_left"     body2="table" />
  <CollisionPair body1="third_finger_tip_left"  body2="table" />
  <CollisionPair body1="third_finger_left"      body2="table" />
  <CollisionPair body1="hand_base_left"         body2="table" />

  <CollisionPair body1="thumb_tip_left"         body2="bowl_1bowl_1" />
  <CollisionPair body1="thumb_left"             body2="bowl_1bowl_1" />
  <CollisionPair body1="second_finger_tip_left" body2="bowl_1bowl_1" />
  <CollisionPair body1="second_finger_left"     body2="bowl_1bowl_1" />
  <CollisionPair body1="third_finger_tip_left"  body2="bowl_1bowl_1" />
  <CollisionPair body1="third_finger_left"      body2="bowl_1bowl_1" />
  <CollisionPair body1="hand_base_left"         body2="bowl_1bowl_1" />

  <CollisionPair body1="thumb_tip_left"         body2="bowl_2bowl_2" />
  <CollisionPair body1="thumb_left"             body2="bowl_2bowl_2" />
  <CollisionPair body1="second_finger_tip_left" body2="bowl_2bowl_2" />
  <CollisionPair body1="second_finger_left"     body2="bowl_2bowl_2" />
  <CollisionPair body1="third_finger_tip_left"  body2="bowl_2bowl_2" />
  <CollisionPair body1="third_finger_left"      body2="bowl_2bowl_2" />
  <CollisionPair body1="hand_base_left"         body2="bowl_2bowl_2" />

  <CollisionPair body1="thumb_tip_left"         body2="bowl_3bowl_3" />
  <CollisionPair body1="thumb_left"             body2="bowl_3bowl_3" />
  <CollisionPair body1="second_finger_tip_left" body2="bowl_3bowl_3" />
  <CollisionPair body1="second_finger_left"     body2="bowl_3bowl_3" />
  <CollisionPair body1="third_finger_tip_left"  body2="bowl_3bowl_3" />
  <CollisionPair body1="third_finger_left"      body2="bowl_3bowl_3" />
  <CollisionPair body1="hand_base_left"         body2="bowl_3bowl_3" />
</CollisionModel>


</content>
